2015,2017,2012,2022,2021,2020,2007,2005,2014,2003,2002,2019,2006,2009,2013,2004,2010,2018,name,2016,2011,2008,id,url
265,265,2517,294,294,294,,,79,,,294,,,79,,21084,294,Odysseas Vlachodimos,265,102,,2022,https://transfermarkt.pt/odysseas-vlachodimos/rueckennummern/spieler/124419
,,,294,68780,294,,,,,,41582,,,,,,,Samuel Soares,,,,2022,https://transfermarkt.pt/samuel-soares/rueckennummern/spieler/504072
,,,294,68780,,,,,,,,,,,,,,André Gomes,,,,2022,https://transfermarkt.pt/andre-gomes/rueckennummern/spieler/670710
,,,10330,68780,68780,,,,,,,,,,,,,António Silva,,,,2022,https://transfermarkt.pt/antonio-silva/rueckennummern/spieler/650568
,,,10330,10330,294,,,,,,294,,,,,,585,Morato,,,,2022,https://transfermarkt.pt/morato/rueckennummern/spieler/673492
221,221,,294,294,294,,,221,,,221,,,,,,221,Lucas Veríssimo,221,,,2022,https://transfermarkt.pt/lucas-verissimo/rueckennummern/spieler/411662
281,281,720,294,294,294,14842,,1049,,,281,1029,1029,330,,720,281,Nicolás Otamendi,281,720,1029,2022,https://transfermarkt.pt/nicolas-otamendi/rueckennummern/spieler/54781
294,294,2464,294,294,294,,,2464,,,294,,,2464,,,294,Alejandro Grimaldo,294,2464,,2022,https://transfermarkt.pt/alejandro-grimaldo/rueckennummern/spieler/193082
159,197,159,294,969,969,,,159,,,969,,,,,,969,Mihailo Ristic,159,,,2022,https://transfermarkt.pt/mihailo-ristic/rueckennummern/spieler/271455
,23297,,294,62,62,,,,,,5817,,,,,,62692,Alexander Bah,23297,,,2022,https://transfermarkt.pt/alexander-bah/rueckennummern/spieler/452607
276,2462,537,294,294,294,,,,,,2462,,,6600,,,2462,Gilberto,978,,,2022,https://transfermarkt.pt/gilberto/rueckennummern/spieler/231614
,41582,,294,3709,162,,,,,,294,,,,,,294,Florentino,10330,,,2022,https://transfermarkt.pt/florentino/rueckennummern/spieler/357162
687,687,8995,294,234,687,,,8995,,,687,,,8995,,,687,Fredrik Aursnes,687,8995,,2022,https://transfermarkt.pt/fredrik-aursnes/rueckennummern/spieler/223367
336,379,336,294,294,336,,,336,,,932,,,1085,,,46,João Mário,46,336,,2022,https://transfermarkt.pt/joao-mario/rueckennummern/spieler/149729
,,,294,10330,,,,,,,,,,,,,,João Neves,,,,2022,https://transfermarkt.pt/joao-neves/rueckennummern/spieler/670681
,,,294,41582,10330,,,,,,,,,,,,,Cher Ndour,,,,2022,https://transfermarkt.pt/cher-ndour/rueckennummern/spieler/651005
3345,2990,,294,11688,294,,,3345,,,294,,,,,,979,Chiquinho,11194,,,2022,https://transfermarkt.pt/chiquinho/rueckennummern/spieler/334557
,,,294,2778,2778,,,,,,,,,,,,,Andreas Schjelderup,,,,2022,https://transfermarkt.pt/andreas-schjelderup/rueckennummern/spieler/670103
82,583,33,294,583,583,,,33,,,583,,21061,33,,33,583,Julian Draxler,583,33,21061,2022,https://transfermarkt.pt/julian-draxler/rueckennummern/spieler/85148
585,8817,,294,610,610,,,,,,610,,,,,,610,David Neres,8817,,,2022,https://transfermarkt.pt/david-neres/rueckennummern/spieler/469822
10330,1049,10330,294,1049,1049,,,294,,,1049,,,10330,,,1049,Gonçalo Guedes,583,,,2022,https://transfermarkt.pt/goncalo-guedes/rueckennummern/spieler/225122
1075,294,3349,294,294,294,,,1075,,,294,,,10789,,,294,Rafa,294,,,2022,https://transfermarkt.pt/rafa/rueckennummern/spieler/238055
,,,294,294,294,,,,,,294,,,,,,10330,Gonçalo Ramos,,,,2022,https://transfermarkt.pt/goncalo-ramos/rueckennummern/spieler/550550
,9054,,10330,195,2414,,,,,,473,,,,,,50935,Casper Tengstedt,,,,2022,https://transfermarkt.pt/casper-tengstedt/rueckennummern/spieler/464598
5107,892,,294,2503,89,,,,,,62,,,,,,697,Petar Musa,5107,,,2022,https://transfermarkt.pt/petar-musa/rueckennummern/spieler/387110
41588,41588,,720,720,10331,,,,,,720,,,,,,720,Diogo Costa,10331,,,2022,https://transfermarkt.pt/diogo-costa/rueckennummern/spieler/357153
7179,7179,7179,720,720,10331,,,7179,,,7179,,2420,7179,,,7179,Cláudio Ramos,7179,,,2022,https://transfermarkt.pt/claudio-ramos/rueckennummern/spieler/155396
,776,776,720,7378,7378,,,776,,,7378,,,,,,,Samuel,,,,2022,https://transfermarkt.pt/samuel/rueckennummern/spieler/284701
,,,720,1075,1075,,,,,,1075,,,,,,1075,David Carmo,,,,2022,https://transfermarkt.pt/david-carmo/rueckennummern/spieler/498237
2995,124,294,720,720,2423,,,2995,,,2423,,,10330,,,2423,Fábio Cardoso,1085,,,2022,https://transfermarkt.pt/fabio-cardoso/rueckennummern/spieler/155025
418,114,418,720,720,720,418,720,418,1301,1301,720,720,418,418,720,418,720,Pepe,418,418,418,2022,https://transfermarkt.pt/pepe/rueckennummern/spieler/14132
720,720,2698,720,720,720,630,,720,,,720,630,1050,683,,3709,12,Marcano,720,683,630,2022,https://transfermarkt.pt/marcano/rueckennummern/spieler/57723
,10005,,720,720,720,,,,,,2423,,,,,,10005,Zaidu,,,,2022,https://transfermarkt.pt/zaidu/rueckennummern/spieler/544784
15,15,210,720,720,15,,,15,,,15,,,210,,,15,Wendell,15,,,2022,https://transfermarkt.pt/wendell/rueckennummern/spieler/228433
,41588,,720,720,10331,,,,,,720,,,,,,41588,João Mário,,,,2022,https://transfermarkt.pt/joao-mario/rueckennummern/spieler/537602
4297,7378,,720,720,720,,,1436,,,720,,,10949,,,720,Wilson Manafá,7378,,,2022,https://transfermarkt.pt/wilson-manafa/rueckennummern/spieler/257388
,,,720,979,10331,,,,,,10330,,,,,,68780,Rodrigo Conceição,,,,2022,https://transfermarkt.pt/rodrigo-conceicao/rueckennummern/spieler/426213
159,603,159,720,720,720,,,159,,,44,,,,,,44,Marko Grujic,9252,,,2022,https://transfermarkt.pt/marko-grujic/rueckennummern/spieler/222813
8172,3631,7136,720,720,720,,,10503,,,720,,,7136,,,3631,Mateus Uribe,8172,7136,,2022,https://transfermarkt.pt/mateus-uribe/rueckennummern/spieler/214538
,3325,,720,720,2995,,,,,,2995,,,,,,3711,Stephen Eustaquio,2432,,,2022,https://transfermarkt.pt/stephen-eustaquio/rueckennummern/spieler/512913
10331,720,,10331,720,2995,,,41588,,,7378,,,,,,720,Bruno Costa,10331,,,2022,https://transfermarkt.pt/bruno-costa/rueckennummern/spieler/344519
,,,720,720,10331,,,,,,41588,,,,,,,Bernardo Folha,,,,2022,https://transfermarkt.pt/bernardo-folha/rueckennummern/spieler/723733
15136,720,6600,720,720,720,,,2420,,,720,,,6600,,,720,Otávio,720,6600,,2022,https://transfermarkt.pt/otavio/rueckennummern/spieler/231289
,,,720,1465,1465,,,,,,1465,,,,,,68403,André Franco,45510,,,2022,https://transfermarkt.pt/andre-franco/rueckennummern/spieler/448470
,210,,720,720,210,,,,,,210,,,,,,210,Pepê,210,,,2022,https://transfermarkt.pt/pepe/rueckennummern/spieler/520662
,7378,,720,720,1075,,,,,,1075,,,,,,2425,Galeno,10331,,,2022,https://transfermarkt.pt/galeno/rueckennummern/spieler/454121
4864,2423,,720,720,126,,,,,,2381,,,,,,720,Fernando Andrade,3327,3958,,2022,https://transfermarkt.pt/fernando-andrade/rueckennummern/spieler/236537
,,,10331,1023,1023,,,,,,1023,,,,,,1023,Gabriel Veron,,,,2022,https://transfermarkt.pt/gabriel-veron/rueckennummern/spieler/627221
,,,10331,720,10331,,,,,,41588,,,,,,41588,Gonçalo Borges,,,,2022,https://transfermarkt.pt/goncalo-borges/rueckennummern/spieler/479649
,34775,,720,720,10331,,,,,,2462,,,,,,2462,Evanilson,,,,2022,https://transfermarkt.pt/evanilson/rueckennummern/spieler/711337
6079,6297,,720,720,720,,,6079,,,2425,,,42187,,17575,6297,Mehdi Taremi,6079,17575,,2022,https://transfermarkt.pt/mehdi-taremi/rueckennummern/spieler/307058
50635,366,,720,720,10331,,,,,,3329,,,,,,11000,Toni Martínez,988,,,2022,https://transfermarkt.pt/toni-martinez/rueckennummern/spieler/302371
36123,11994,,720,720,10331,,,,,,36123,,,,,,1032,Danny Namaso,11994,,,2022,https://transfermarkt.pt/danny-namaso/rueckennummern/spieler/392767
150,150,418,336,336,336,,,150,,,13,6767,418,150,,418,13,Antonio Adán,150,418,6767,2022,https://transfermarkt.pt/antonio-adan/rueckennummern/spieler/44062
,,,336,506,506,,,,,,11008,,,,,,11008,Franco Israel,,,,2022,https://transfermarkt.pt/franco-israel/rueckennummern/spieler/492319
,,,336,336,336,,,,,,11085,,,,,,3268,André Paulo,,,,2022,https://transfermarkt.pt/andre-paulo/rueckennummern/spieler/647098
,,,336,336,336,,,,,,336,,,,,,,Gonçalo Inácio,,,,2022,https://transfermarkt.pt/goncalo-inacio/rueckennummern/spieler/549006
306,24366,,336,39,39,,,306,,,39,,,4779,,,234,Jerry St. Juste,306,,,2022,https://transfermarkt.pt/jerry-st-juste/rueckennummern/spieler/288253
336,336,31,336,336,336,,,9264,,,336,,866,866,,866,336,Sebastián Coates,336,9252,,2022,https://transfermarkt.pt/sebastian-coates/rueckennummern/spieler/102427
,,,336,9054,,,,,,,,,,,,,,Ousmane Diomande,,,,2022,https://transfermarkt.pt/ousmane-diomande/rueckennummern/spieler/974982
964,36,964,336,336,336,4297,4297,964,,,336,,4297,964,,4297,964,Luís Neto,964,982,4297,2022,https://transfermarkt.pt/luis-neto/rueckennummern/spieler/56036
31,1032,336,2995,2503,1158,,,40,,,336,,,16795,,,336,Tiago Ilori,36123,336,,2022,https://transfermarkt.pt/tiago-ilori/rueckennummern/spieler/177859
585,979,,336,336,336,,,585,,,2425,,,,,,2425,Matheus Reis,10010,,,2022,https://transfermarkt.pt/matheus-reis/rueckennummern/spieler/379249
,,,45510,336,67909,,,,,,,,,,,,,Nazinho,,,,2022,https://transfermarkt.pt/nazinho/rueckennummern/spieler/668587
11,11,11,336,150,11,,,9249,,,11,,,11,,,11,Héctor Bellerín,11,9249,,2022,https://transfermarkt.pt/hector-bellerin/rueckennummern/spieler/191217
10949,1075,336,336,336,1075,,,2990,,,1075,,,336,,,1075,Ricardo Esgaio,336,336,,2022,https://transfermarkt.pt/ricardo-esgaio/rueckennummern/spieler/139395
,,,45510,45510,,,,,,,,,,,,,,Gonçalo Esteves,,,,2022,https://transfermarkt.pt/goncalo-esteves/rueckennummern/spieler/726721
,3829,,336,336,3329,,,,,,3829,,,,,,3829,Manuel Ugarte,3829,,,2022,https://transfermarkt.pt/manuel-ugarte/rueckennummern/spieler/476701
,9598,,336,2423,2423,,,50393,,,9598,,,,,,9598,Hidemasa Morita,9598,,,2022,https://transfermarkt.pt/hidemasa-morita/rueckennummern/spieler/524315
,,,336,1418,1418,,,,,,1418,,,,,,,Mateo Tanlongo,,,,2022,https://transfermarkt.pt/mateo-tanlongo/rueckennummern/spieler/851804
,,,45510,336,336,,,,,,,,,,,,,Dário Essugo,,,,2022,https://transfermarkt.pt/dario-essugo/rueckennummern/spieler/670717
6600,,,336,22381,4083,,,330,,,336,,,330,,,2457,Eduardo Henrique,679,,,2022,https://transfermarkt.pt/eduardo-henrique/rueckennummern/spieler/216118
,45510,,336,336,336,,,,,,1465,,,,,,4294,Daniel Bragança,45510,,,2022,https://transfermarkt.pt/daniel-braganca/rueckennummern/spieler/461943
,,,10949,265,265,,,,,,265,,,,,,,Sotiris Alexandropoulos,,,,2022,https://transfermarkt.pt/sotiris-alexandropoulos/rueckennummern/spieler/481688
,,,45510,67909,,,,,,,,,,,,,,Mateus Fernandes,,,,2022,https://transfermarkt.pt/mateus-fernandes/rueckennummern/spieler/880245
,543,,336,336,336,,,,,,3329,,,,,,543,Pedro Gonçalves,,,,2022,https://transfermarkt.pt/pedro-goncalves/rueckennummern/spieler/426620
10330,2425,,336,336,336,,,10330,,,2425,,,41582,,,2425,Nuno Santos,1085,,,2022,https://transfermarkt.pt/nuno-santos/rueckennummern/spieler/290391
221,221,,336,1465,15172,,,,,,221,,,,,,17776,Arthur Gomes,221,,,2022,https://transfermarkt.pt/arthur-gomes/rueckennummern/spieler/401534
,336,,336,398,336,,,,,,336,,,,,,336,Jovane,45510,,,2022,https://transfermarkt.pt/jovane/rueckennummern/spieler/448466
3057,2503,,336,2420,2420,,,355,,,2420,,,41582,,,2420,Rochinha,2503,,,2022,https://transfermarkt.pt/rochinha/rueckennummern/spieler/290336
9254,1123,,336,336,2420,,,6928,,,2420,,,,,,18333,Marcus Edwards,148,,,2022,https://transfermarkt.pt/marcus-edwards/rueckennummern/spieler/314367
10789,10789,,336,543,131,,,,,,1075,,,,,,1075,Trincão,10789,,,2022,https://transfermarkt.pt/trincao/rueckennummern/spieler/412669
,,,45510,37487,,,,,,,,,,,,,,Issahaku Fatawu,,,,2022,https://transfermarkt.pt/issahaku-fatawu/rueckennummern/spieler/864121
2424,1075,3348,336,336,336,,,2424,,,1075,,,2424,,,1075,Paulinho,2424,25823,,2022,https://transfermarkt.pt/paulinho/rueckennummern/spieler/211072
,,,336,45510,67909,,,,,,,,,,,,,Chermiti,,,,2022,https://transfermarkt.pt/chermiti/rueckennummern/spieler/670688
,,,45510,336,,,,,,,,,,,,,,Rodrigo Ribeiro,,,,2022,https://transfermarkt.pt/rodrigo-ribeiro/rueckennummern/spieler/726701
1075,1075,2863,1075,1075,1075,,,1075,,,1075,,,2863,,,1075,Matheus,1075,,,2022,https://transfermarkt.pt/matheus/rueckennummern/spieler/177547
,,,1075,1075,1075,,,,,,,,,,,,1496,Lukas Hornicek,,,,2022,https://transfermarkt.pt/lukas-hornicek/rueckennummern/spieler/629773
1075,1075,,1075,1075,1075,,,10789,,,1075,,,10789,,,1075,Tiago Sá,1075,,,2022,https://transfermarkt.pt/tiago-sa/rueckennummern/spieler/286908
,2424,,1075,1075,1075,,,,,,1075,,,,,,7378,Tormena,,,,2022,https://transfermarkt.pt/tormena/rueckennummern/spieler/517300
336,1533,2420,1075,1075,1533,,,336,,,1533,,2420,2420,,15581,1533,Paulo Oliveira,336,3327,,2022,https://transfermarkt.pt/paulo-oliveira/rueckennummern/spieler/139336
,1423,,1075,8179,855,,,,,,12748,,,,,,1423,Sikou Niakaté,1423,,,2022,https://transfermarkt.pt/sikou-niakate/rueckennummern/spieler/413118
,,,1075,50919,41852,,,,,,41852,,,,,,,Serdar Saatci,,,,2022,https://transfermarkt.pt/serdar-saatci/rueckennummern/spieler/655899
982,1075,3345,1075,1075,1075,,,982,,,1075,,,982,,,1075,Sequeira,982,,,2022,https://transfermarkt.pt/sequeira/rueckennummern/spieler/193303
11648,1804,,1075,11282,1075,,,17467,,,336,,,,,,336,Cristián Borja,17467,,,2022,https://transfermarkt.pt/cristian-borja/rueckennummern/spieler/356099
,,,1075,1084,13222,,,,,,714,,,,,,10773,Víctor Gómez,,,,2022,https://transfermarkt.pt/victor-gomez/rueckennummern/spieler/495601
,16574,,1075,272,1059,,,,,,16574,,,,,,,Joe Mendes,,,,2022,https://transfermarkt.pt/joe-mendes/rueckennummern/spieler/579284
,15136,,1075,1075,1075,,,,,,2425,,,,,,15136,Al-Musrati,15136,,,2022,https://transfermarkt.pt/al-musrati/rueckennummern/spieler/377641
159,159,,1075,1049,1049,,,,,,3329,,,,,,648,Uros Racic,159,,,2022,https://transfermarkt.pt/uros-racic/rueckennummern/spieler/417575
,,,10789,68077,68077,,,,,,,,,,,,,Gorby,,,,2022,https://transfermarkt.pt/gorby/rueckennummern/spieler/631404
1085,51828,,1075,1075,1075,,,1085,,,1075,,,,,,51828,André Horta,294,,,2022,https://transfermarkt.pt/andre-horta/rueckennummern/spieler/329722
10484,1467,720,1075,1075,1075,720,,10484,,,1467,720,4750,10484,,2448,1467,Castro,10484,2448,4750,2022,https://transfermarkt.pt/castro/rueckennummern/spieler/58267
,,,1075,10789,68077,,,,,,68077,,,,,,12964,Pedro Santos,,,,2022,https://transfermarkt.pt/pedro-santos/rueckennummern/spieler/657435
294,294,897,1075,6890,294,,,294,,,294,,2995,714,,2995,294,Pizzi,294,13,,2022,https://transfermarkt.pt/pizzi/rueckennummern/spieler/64339
1084,1075,1085,1075,1075,1075,,,1084,,,1075,,,1085,,,1075,Ricardo Horta,1075,,,2022,https://transfermarkt.pt/ricardo-horta/rueckennummern/spieler/261927
681,23826,336,1075,383,683,,,141,,,383,,,141,,,23826,Bruma,141,,,2022,https://transfermarkt.pt/bruma/rueckennummern/spieler/139396
,,,1075,10789,10789,,,,,,68077,,,,,,68077,Álvaro Djaló,,,,2022,https://transfermarkt.pt/alvaro-djalo/rueckennummern/spieler/671649
979,252,10949,1075,1075,1075,,,8024,,,4,,,10949,,,255,Iuri Medeiros,2503,,,2022,https://transfermarkt.pt/iuri-medeiros/rueckennummern/spieler/193830
,,,1075,1075,1075,,,,,,,,,,,,,Rodrigo Gomes,,,,2022,https://transfermarkt.pt/rodrigo-gomes/rueckennummern/spieler/667121
,41584,,1075,1075,1075,,,,,,1075,,,,,,131,Abel Ruiz,2464,,,2022,https://transfermarkt.pt/abel-ruiz/rueckennummern/spieler/340376
826,48712,,1075,3329,826,,,,,,826,,,,,,826,Simon Banza,10867,,,2022,https://transfermarkt.pt/simon-banza/rueckennummern/spieler/344869
,,,3329,3329,3329,,,,,,,,,,,,,Luiz Júnior,,,,2022,https://transfermarkt.pt/luiz-junior/rueckennummern/spieler/712107
10330,10330,,3329,3329,3329,,,41599,,,10330,,,11755,,,294,Ivan Zlobin,10330,,,2022,https://transfermarkt.pt/ivan-zlobin/rueckennummern/spieler/282654
,,,75337,,,,,,,,,,,,,,,Zé Henrique,,,,2022,https://transfermarkt.pt/ze-henrique/rueckennummern/spieler/1031409
,,,3329,3329,75337,,,,,,41582,,,,,,41582,Penetra,,,,2022,https://transfermarkt.pt/penetra/rueckennummern/spieler/479643
,,,3329,3329,3329,,,,,,3329,,,,,,,Riccieli,,,,2022,https://transfermarkt.pt/riccieli/rueckennummern/spieler/646677
,6418,,3329,1091,1091,,,,,,1091,,,,,,6418,Enea Mihaj,6418,,,2022,https://transfermarkt.pt/enea-mihaj/rueckennummern/spieler/448920
41588,41588,,75337,366,3329,,,,,,29228,,,,,,41588,Diogo Queirós,41588,,,2022,https://transfermarkt.pt/diogo-queiros/rueckennummern/spieler/357148
,,,3329,3319,614,,,,,,614,,,,,,,Otávio,,,,2022,https://transfermarkt.pt/otavio/rueckennummern/spieler/818495
,10789,,3329,1075,1075,,,,,,2990,,,,,,10789,Francisco Moura,,,,2022,https://transfermarkt.pt/francisco-moura/rueckennummern/spieler/478365
976,979,447,3329,3329,2457,3336,,144,,,2457,,1085,419,,1436,979,Rúben Lima,976,447,3336,2022,https://transfermarkt.pt/ruben-lima/rueckennummern/spieler/58965
,1108,,3329,1108,1108,,,,,,1108,,,,,,1108,Martín Aguirregabiria,1108,,,2022,https://transfermarkt.pt/martin-aguirregabiria/rueckennummern/spieler/483573
,,,3329,141,3329,,,,,,3329,,,,,,13,Gustavo Assunção,,,,2022,https://transfermarkt.pt/gustavo-assuncao/rueckennummern/spieler/461629
1390,839,,3329,4941,4941,,,,,,475,,,,,,276,Santiago Colombatto,4331,,,2022,https://transfermarkt.pt/santiago-colombatto/rueckennummern/spieler/395122
2995,2425,9007,3329,162,2425,,,68608,,,1032,,68608,4750,,68608,703,Pelé,3349,10958,68608,2022,https://transfermarkt.pt/pele/rueckennummern/spieler/99189
2441,2441,2423,3329,2441,2441,,,979,,,2441,,,979,,,2441,André Simões,2441,2423,,2022,https://transfermarkt.pt/andre-simoes/rueckennummern/spieler/131574
,62105,,3329,618,618,,,,,,618,,,,,,10872,Zaydou Youssouf,40,,,2022,https://transfermarkt.pt/zaydou-youssouf/rueckennummern/spieler/471582
,,,3329,3329,3329,,,,,,1084,,,,,,1084,Iván Jaime,,,,2022,https://transfermarkt.pt/ivan-jaime/rueckennummern/spieler/610335
,,,75337,3329,527,,,,,,,,,,,,417,Pedro Brazão,,,,2022,https://transfermarkt.pt/pedro-brazao/rueckennummern/spieler/577590
,,,75337,,,,,,,,,,,,,,,Gustavo Sá,,,,2022,https://transfermarkt.pt/gustavo-sa/rueckennummern/spieler/982575
,10330,,3329,3329,10330,,,,,,10330,,,,,,68780,David Tavares,41582,,,2022,https://transfermarkt.pt/david-tavares/rueckennummern/spieler/416089
,,,3329,2448,11000,,,,,,1108,,,,,,999,Puma,,,,2022,https://transfermarkt.pt/puma/rueckennummern/spieler/425028
,1088,,3329,16664,16664,,,,,,1071,,,,,,972,Alexandru Dobre,,,,2022,https://transfermarkt.pt/alexandru-dobre/rueckennummern/spieler/365770
8024,1096,10331,3329,3329,3329,,,2420,,,1096,,,41588,,,1096,Ivo Rodrigues,2995,,,2022,https://transfermarkt.pt/ivo-rodrigues/rueckennummern/spieler/215122
,,,75337,3329,8154,,,,,,76794,,,,,,,Junior Kadile,,,,2022,https://transfermarkt.pt/junior-kadile/rueckennummern/spieler/585958
,,,3329,3268,2990,,,,,,1075,,,,,,12964,Leandro Sanca,,,,2022,https://transfermarkt.pt/leandro-sanca/rueckennummern/spieler/539154
,,,3329,1701,1701,,,,,,68188,,,,,,,Théo Fonseca,,,,2022,https://transfermarkt.pt/theo-fonseca/rueckennummern/spieler/453200
976,14596,,3329,3329,63966,,,531,,,63966,,,531,,,1085,Jhonder Cádiz,982,,,2022,https://transfermarkt.pt/jhonder-cadiz/rueckennummern/spieler/271256
1075,931,10330,3329,1465,1075,9249,,68608,,,1075,,1085,294,,714,1082,Rui Fonte,1075,714,11,2022,https://transfermarkt.pt/rui-fonte/rueckennummern/spieler/9335
21550,330,2462,3329,2995,14456,,,,,,2995,,,,,,28848,Deni Júnior,585,,,2022,https://transfermarkt.pt/deni-junior/rueckennummern/spieler/271498
,,,3329,75337,3329,,,,,,,,,,,,,Pablo,,,,2022,https://transfermarkt.pt/pablo/rueckennummern/spieler/817665
366,294,10330,2420,2420,2420,,,294,,,8817,,,294,,,610,Bruno Varela,1085,294,,2022,https://transfermarkt.pt/bruno-varela/rueckennummern/spieler/182722
,41582,,2420,2420,2420,,,,,,2420,,,,,,41582,Celton Biai,,,,2022,https://transfermarkt.pt/celton-biai/rueckennummern/spieler/461963
,,,2420,68188,,,,,,,,,,,,,,Rafa,,,,2022,https://transfermarkt.pt/rafa/rueckennummern/spieler/870187
,,,2420,2420,2420,,,,,,,,,,,,,André Amaro,,,,2022,https://transfermarkt.pt/andre-amaro/rueckennummern/spieler/637782
,,,2420,2420,,,,,,,,,,,,,,Ibrahima Bamba,,,,2022,https://transfermarkt.pt/ibrahima-bamba/rueckennummern/spieler/840674
,2687,,2420,2423,2423,,,,,,1084,,,,,,5648,Mikel Villanueva,1084,,,2022,https://transfermarkt.pt/mikel-villanueva/rueckennummern/spieler/308371
41588,7179,,2420,2420,2420,,,41588,,,10484,,,,,,7179,Jorge Fernandes,41588,,,2022,https://transfermarkt.pt/jorge-fernandes/rueckennummern/spieler/344395
,,,15136,15136,15136,,,,,,11374,,,,,,,Mamadou Tounkara,,,,2022,https://transfermarkt.pt/mamadou-tounkara/rueckennummern/spieler/820070
,11008,,2420,15136,15136,,,,,,68188,,,,,,,Afonso Freitas,11008,,,2022,https://transfermarkt.pt/afonso-freitas/rueckennummern/spieler/448264
24110,24110,,15136,6631,6631,,,42631,,,6631,,,,,,24110,Ryoya Ogawa,6631,,,2022,https://transfermarkt.pt/ryoya-ogawa/rueckennummern/spieler/353785
,,,15136,2420,2420,,,,,,,,,,,,,Hélder Sá,,,,2022,https://transfermarkt.pt/helder-sa/rueckennummern/spieler/549013
,,,2420,2420,15136,,,,,,,,,,,,,Maga,,,,2022,https://transfermarkt.pt/maga/rueckennummern/spieler/729140
,,,2420,4297,,,,,,,,,,,,,,Zé Carlos,,,,2022,https://transfermarkt.pt/ze-carlos/rueckennummern/spieler/908936
2420,430,10330,2420,2420,6321,,,15136,,,683,,,10330,,,336,Bruno Gaspar,2420,,,2022,https://transfermarkt.pt/bruno-gaspar/rueckennummern/spieler/230457
,,,2420,2420,15136,,,,,,68188,,,,,,,Tomás Händel,,,,2022,https://transfermarkt.pt/tomas-handel/rueckennummern/spieler/645588
,,,2420,3349,3349,,,,,,68296,,,,,,,Manu,,,,2022,https://transfermarkt.pt/manu/rueckennummern/spieler/699592
,,,15136,3348,3348,,,,,,,,,,,,,Matheus Índio,,,,2022,https://transfermarkt.pt/matheus-indio/rueckennummern/spieler/842384
,,,2420,2420,15136,,,,,,15136,,,,,,15136,Dani Silva,,,,2022,https://transfermarkt.pt/dani-silva/rueckennummern/spieler/372445
720,720,2420,2420,8023,2420,,,2420,,,2420,,4297,2420,,4297,2420,André André,720,4297,4297,2022,https://transfermarkt.pt/andre-andre/rueckennummern/spieler/63837
273,8154,,2420,2420,2420,,,,,,15136,,,,,,273,Nicolas Janvier,273,,,2022,https://transfermarkt.pt/nicolas-janvier/rueckennummern/spieler/324803
,,,2420,68188,,,,,,,,,,,,,,Gonçalo Nogueira,,,,2022,https://transfermarkt.pt/goncalo-nogueira/rueckennummern/spieler/877140
68608,3349,68608,2420,2420,683,,,68608,,,703,,,68608,,,3349,Tiago Silva,3349,,,2022,https://transfermarkt.pt/tiago-silva/rueckennummern/spieler/236997
,,,2420,3268,3268,,,,,,3265,,,,,,,Jota Silva,,,,2022,https://transfermarkt.pt/jota-silva/rueckennummern/spieler/663244
,14503,,2420,2420,15136,,,,,,14503,,,,,,,Nélson Luz,,,,2022,https://transfermarkt.pt/nelson-luz/rueckennummern/spieler/514304
41583,371,,2420,371,371,,,,,,371,,,,,,371,Mikey Johnston,371,,,2022,https://transfermarkt.pt/mikey-johnston/rueckennummern/spieler/297257
990,2262,9254,2420,2420,2420,,,6139,,,3329,,,9254,,,2262,Rúben Lameiras,990,,,2022,https://transfermarkt.pt/ruben-lameiras/rueckennummern/spieler/264848
,2425,,2420,8024,8024,,,,,,8024,,,,,,68110,André Silva,,,,2022,https://transfermarkt.pt/andre-silva/rueckennummern/spieler/565232
,3329,,2420,3329,3176,,,,,,3329,,,,,,3329,Anderson Silva,,,,2022,https://transfermarkt.pt/anderson-silva/rueckennummern/spieler/522714
,1693,,2420,2457,1693,,,,,,11449,,,,,,18545,Alisson Safira,1693,,,2022,https://transfermarkt.pt/alisson-safira/rueckennummern/spieler/443338
,537,,2424,2424,537,,,,,,537,,,,,,,Andrew,,,,2022,https://transfermarkt.pt/andrew/rueckennummern/spieler/610417
16704,16704,10789,2424,964,2457,,,1075,,,41194,,13641,2425,,13641,16704,Stanislav Kritsyuk,16704,21637,,2022,https://transfermarkt.pt/stanislav-kritsyuk/rueckennummern/spieler/98547
,,,2424,2424,2424,,,,,,2424,,,,,,,Brian Araújo,,,,2022,https://transfermarkt.pt/brian-araujo/rueckennummern/spieler/695141
,,,2424,294,10330,,,,,,41582,,,,,,,Tomás Araújo,,,,2022,https://transfermarkt.pt/tomas-araujo/rueckennummern/spieler/504087
,,,2424,7119,4176,,,,,,4176,,,,,,,Gabriel Pereira,,,,2022,https://transfermarkt.pt/gabriel-pereira/rueckennummern/spieler/742095
,,,2424,1701,3265,,,,,,3267,,,,,,2424,Né Lopes,,,,2022,https://transfermarkt.pt/ne-lopes/rueckennummern/spieler/641153
475,7378,7378,2424,2424,2424,4297,7378,1465,,,2424,7378,7378,1465,7378,7378,7378,Rúben Fernandes,475,7378,4297,2022,https://transfermarkt.pt/ruben-fernandes/rueckennummern/spieler/27178
1050,1050,,2424,3329,16795,,,1050,,,1108,,,,,,1108,Adrián Marín,1244,,,2022,https://transfermarkt.pt/adrian-marin/rueckennummern/spieler/295414
,8424,,2424,2424,2424,,,,,,2424,,,,,,10140,Henrique Gomes,,,,2022,https://transfermarkt.pt/henrique-gomes/rueckennummern/spieler/352918
,,,2424,10140,537,,,,,,,,,,,,537,Lucas Barros,,,,2022,https://transfermarkt.pt/lucas-barros/rueckennummern/spieler/650519
,,,2424,2424,1075,,,,,,3345,,,,,,3267,Zé Carlos,,,,2022,https://transfermarkt.pt/ze-carlos/rueckennummern/spieler/617679
2423,2503,,2424,2457,720,,,7179,,,2503,,,2503,,,2503,Carraça,2503,,,2022,https://transfermarkt.pt/carraca/rueckennummern/spieler/291941
,776,,2424,2424,2424,,,,,,2424,,,,,,776,Vitor Carvalho,776,,,2022,https://transfermarkt.pt/vitor-carvalho/rueckennummern/spieler/553062
5648,8519,32017,2424,2424,7077,,,3899,,,18026,,,32017,,5155,11000,Giorgi Aburjania,8519,,,2022,https://transfermarkt.pt/giorgi-aburjania/rueckennummern/spieler/186848
366,3325,,2424,238,238,5540,,1075,,,8468,,,1085,,16222,238,Pedro Tiba,3325,,8091,2022,https://transfermarkt.pt/pedro-tiba/rueckennummern/spieler/167165
,,,2424,35556,26103,,,,,,26103,,,,,,26103,Roan Wilson,,,,2022,https://transfermarkt.pt/roan-wilson/rueckennummern/spieler/645191
,3734,,2424,2424,2424,,,,,,3734,,,,,,3734,Kanya Fujimoto,3734,,,2022,https://transfermarkt.pt/kanya-fujimoto/rueckennummern/spieler/415525
,,,2424,5649,5649,,,,,,,,,,,,,Kevin Villodres,,,,2022,https://transfermarkt.pt/kevin-villodres/rueckennummern/spieler/635904
,8718,,2424,6347,6347,,,,,,6347,,,,,,,Marlon,,,,2022,https://transfermarkt.pt/marlon/rueckennummern/spieler/635807
10140,979,,2424,2424,4294,,,10140,,,979,,,,,,979,Bilel Aouacheria,10949,,,2022,https://transfermarkt.pt/bilel-aouacheria/rueckennummern/spieler/290530
,982,,2424,2424,237,,,,,,2448,,,537,,,1075,Murilo de Souza,,,,2022,https://transfermarkt.pt/murilo-de-souza/rueckennummern/spieler/345061
,2619,,2424,7179,11669,,,,,,,,,,,,2863,Juan Manuel Boselli,2619,,,2022,https://transfermarkt.pt/juan-manuel-boselli/rueckennummern/spieler/487421
50635,6182,,2424,2424,6182,,,16200,,,498,,,,,,1049,Fran Navarro,,,,2022,https://transfermarkt.pt/fran-navarro/rueckennummern/spieler/284883
6079,6079,75933,2424,1301,1301,,,6079,,,6079,,,10684,,26013,6079,Ali Alipour,6079,,,2022,https://transfermarkt.pt/ali-alipour/rueckennummern/spieler/249360
,,,2424,26741,24712,,,,,,,,,,,,,Depú,,,,2022,https://transfermarkt.pt/depu/rueckennummern/spieler/885694
,614,,2423,3319,614,,,,,,614,,,,,,614,Gabriel Batista,614,,,2022,https://transfermarkt.pt/gabriel-batista/rueckennummern/spieler/401535
,68608,68608,2423,2423,7788,,,19637,,,7788,,,,,,3329,Ricardo Fernandes,3326,,,2022,https://transfermarkt.pt/ricardo-fernandes/rueckennummern/spieler/372015
2421,2423,3349,2423,2423,2423,3348,2503,2421,,,2423,3348,3348,3349,,3348,2423,Marco Pereira,2421,3348,3348,2022,https://transfermarkt.pt/marco-pereira/rueckennummern/spieler/74689
2063,2063,10885,2423,2063,2063,1070,1070,2063,,,3938,1070,1070,2063,,1070,189,Marcos Díaz,2063,1070,1070,2022,https://transfermarkt.pt/marcos-diaz/rueckennummern/spieler/56006
2462,4064,,2423,10492,2424,,,2462,,,2424,,,,,,11449,Ygor Nogueira,2462,,,2022,https://transfermarkt.pt/ygor-nogueira/rueckennummern/spieler/187211
,266,,2423,2423,266,,,,,,266,,,,,,266,Kennedy Boateng,413,,,2022,https://transfermarkt.pt/kennedy-boateng/rueckennummern/spieler/451317
,,,2423,609,609,,,,,,609,,,,,,,Paulo Eduardo,,,,2022,https://transfermarkt.pt/paulo-eduardo/rueckennummern/spieler/627229
,,,2423,16439,4064,,,,,,,,,,,,,Ítalo,,,,2022,https://transfermarkt.pt/italo/rueckennummern/spieler/875447
,11972,2464,2423,1244,1123,,,41584,,,1050,,,41584,,,1050,Xavi Quintillà,,,,2022,https://transfermarkt.pt/xavi-quintilla/rueckennummern/spieler/204102
2995,10140,,2423,2423,3327,,,2423,,,3327,,,2423,,,2995,Paulo Henrique,2995,,,2022,https://transfermarkt.pt/paulo-henrique/rueckennummern/spieler/292365
,1301,,2423,8816,10331,,,1436,,,1301,,,1436,,,1301,Nanu,10787,,,2022,https://transfermarkt.pt/nanu/rueckennummern/spieler/291399
,,,,7056,7056,,,,,,,,,,,,68780,Tomás Domingos,,,,2022,https://transfermarkt.pt/tomas-domingos/rueckennummern/spieler/498234
41582,,,2423,67969,2457,,,,,,2457,,,,,,2457,Calila,41582,,,2022,https://transfermarkt.pt/calila/rueckennummern/spieler/396429
979,979,,2423,2423,2423,,,3325,,,2423,,,3325,,1423,2457,Pierre Sagna,979,,,2022,https://transfermarkt.pt/pierre-sagna/rueckennummern/spieler/127031
2241,2241,,2423,2241,2241,,,3734,,,2241,,,3734,,,2241,Kento Misao,2241,,,2022,https://transfermarkt.pt/kento-misao/rueckennummern/spieler/295059
,,,2423,210,210,,,,,,,,,,,,,Bobsin,,,,2022,https://transfermarkt.pt/bobsin/rueckennummern/spieler/468323
,,,2423,609,609,,,,,,609,,,,,,609,Adriano Firmino,,,,2022,https://transfermarkt.pt/adriano-firmino/rueckennummern/spieler/687743
2639,12816,,2423,504,3329,,,,,,543,,,,,,398,Bruno Jordão,10789,,,2022,https://transfermarkt.pt/bruno-jordao/rueckennummern/spieler/415646
,,,2423,10010,10560,,,,,,210,,,,,,,Rildo,,,,2022,https://transfermarkt.pt/rildo/rueckennummern/spieler/800177
,,,2423,3348,3348,,,,,,3348,,,,,,3348,Bruno Almeida,,,,2022,https://transfermarkt.pt/bruno-almeida/rueckennummern/spieler/393581
,,,2423,978,978,,,,,,,,,,,,,MT,,,,2022,https://transfermarkt.pt/mttm/rueckennummern/spieler/808475
1085,1085,5776,2423,2423,2423,,,40582,,,2423,,,5776,,,3325,Costinha,1085,,,2022,https://transfermarkt.pt/costinha/rueckennummern/spieler/236886
,,,2423,306,669,,,,,,669,,,,,,669,Filip Stevanovic,,,,2022,https://transfermarkt.pt/filip-stevanovic/rueckennummern/spieler/627750
,,,2423,2423,2432,,,,,,68110,,,,,,68110,Ricardinho,,,,2022,https://transfermarkt.pt/ricardinho/rueckennummern/spieler/671657
609,1465,,2423,2423,2423,,,609,,,18545,,,,,,10999,Allano,1465,,,2022,https://transfermarkt.pt/allano/rueckennummern/spieler/376441
,,,2423,1023,1023,,,,,,1023,,,,,,,Gabriel Silva,,,,2022,https://transfermarkt.pt/gabriel-silva/rueckennummern/spieler/627224
,,,2423,4529,7056,,,,,,2521,,,,,,3268,Andrezinho,,,,2022,https://transfermarkt.pt/andrezinho/rueckennummern/spieler/647125
10331,3350,,,1085,7056,,,41588,,,1301,,,41588,,,10787,André Mesquita,3326,,,2022,https://transfermarkt.pt/andre-mesquita/rueckennummern/spieler/303599
,,,2423,679,679,,,,,,537,,,,,,,Matheus Babi,,,,2022,https://transfermarkt.pt/matheus-babi/rueckennummern/spieler/788861
22177,22177,,2423,2423,6631,,,,,,6631,,,,,,24110,Kyosuke Tagawa,22177,,,2022,https://transfermarkt.pt/kyosuke-tagawa/rueckennummern/spieler/469952
8024,4035,,2423,629,629,,,,,,7020,,,,,,7020,Walter González,629,,,2022,https://transfermarkt.pt/walter-gonzalez/rueckennummern/spieler/353047
,15136,,1465,1465,1465,,,,,,68403,,,,,,15136,Dani Figueira,15136,,,2022,https://transfermarkt.pt/dani-figueira/rueckennummern/spieler/475407
10949,336,,1465,6912,6912,,,10949,,,23297,,,,,,7179,Pedro Silva,336,,,2022,https://transfermarkt.pt/pedro-silva/rueckennummern/spieler/258029
,,,68403,1465,68403,,,,,,,,,,,,,Jota Oliveira,,,,2022,https://transfermarkt.pt/jota-oliveira/rueckennummern/spieler/724421
,41582,,1465,294,10330,,,,,,294,,,,,,41582,Pedro Álvaro,10330,,,2022,https://transfermarkt.pt/pedro-alvaro/rueckennummern/spieler/375376
,,,1465,68403,1465,,,,,,68403,,,,,,,Bernardo Vital,,,,2022,https://transfermarkt.pt/bernardo-vital/rueckennummern/spieler/690273
,,,1465,1465,1301,,,,,,1465,,,,,,1301,Lucas Áfrico,,,,2022,https://transfermarkt.pt/lucas-africo/rueckennummern/spieler/597087
273,273,982,1465,40,40,,,273,,,40,,336,982,,4750,273,Mexer,273,4750,,2022,https://transfermarkt.pt/mexer/rueckennummern/spieler/127610
976,7179,336,1465,1465,1465,,,13499,,,1465,,7056,10789,,,7179,Joãozinho,601,1436,,2022,https://transfermarkt.pt/joaozinho/rueckennummern/spieler/138651
,,,1465,68403,67909,,,,,,,,,,,,,Tiago Santos,,,,2022,https://transfermarkt.pt/tiago-santos/rueckennummern/spieler/816580
,,,1465,10840,35012,,,,,,35012,,,,,,35012,Shaquil Delos,,,,2022,https://transfermarkt.pt/shaquil-delos/rueckennummern/spieler/650809
,,,1465,1465,1465,,,,,,15136,,,,,,15136,Loreintz Rosier,,,,2022,https://transfermarkt.pt/loreintz-rosier/rueckennummern/spieler/586855
,,,1465,720,10331,,,,,,10331,,,,,,41588,Mor Ndiaye,,,,2022,https://transfermarkt.pt/mor-ndiaye/rueckennummern/spieler/658737
10789,1301,,1465,1465,1465,,,1075,,,3325,,,,,,1301,João Gamboa,1075,,,2022,https://transfermarkt.pt/joao-gamboa/rueckennummern/spieler/364406
,,,1465,982,982,,,,,,982,,,,,,,Mabrouk Rouaï,,,,2022,https://transfermarkt.pt/mabrouk-rouai/rueckennummern/spieler/690608
,8154,,1465,9256,273,,,,,,273,,,,,,273,James Léa Siliki,273,,,2022,https://transfermarkt.pt/james-lea-siliki/rueckennummern/spieler/346291
,,,2432,1465,67909,,,,,,,,,,,,,Duarte Carvalho,,,,2022,https://transfermarkt.pt/duarte-carvalho/rueckennummern/spieler/742484
41582,10330,,1465,683,3302,,,10330,,,703,,,,,,703,João Carvalho,1085,,,2022,https://transfermarkt.pt/joao-carvalho/rueckennummern/spieler/258005
,738,,1465,1301,1301,,,,,,273,,,,,,273,Rafik Guitane,738,,,2022,https://transfermarkt.pt/rafik-guitane/rueckennummern/spieler/394328
10949,2425,10949,1465,1465,2425,,,336,,,336,,,10949,,,336,Chico Geraldes,10949,,,2022,https://transfermarkt.pt/chico-geraldes/rueckennummern/spieler/257456
,,,1465,68403,1085,,,,,,,,,,,,,João Marques,,,,2022,https://transfermarkt.pt/joao-marques/rueckennummern/spieler/891971
,,,68403,25769,6478,,,,,,6478,,,,,,18575,Brandon Aguilera,,,,2022,https://transfermarkt.pt/brandon-aguilera/rueckennummern/spieler/631996
,,,1465,7056,7056,,,,,,10140,,,,,,25817,Rodrigo Martins,,,,2022,https://transfermarkt.pt/rodrigo-martins/rueckennummern/spieler/588114
,,,68403,365,365,,,,,,365,,,,,,,Dele,,,,2022,https://transfermarkt.pt/dele/rueckennummern/spieler/744063
,,,1465,8024,294,,,,,,41582,,,,,,,Tiago Araújo,,,,2022,https://transfermarkt.pt/tiago-araujo/rueckennummern/spieler/481628
,,,1465,294,68780,,,,,,10330,,,,,,41582,Tiago Gouveia,,,,2022,https://transfermarkt.pt/tiago-gouveia/rueckennummern/spieler/479638
,3197,,1465,8793,679,,,3197,,,679,,,,,,1023,Carlos Eduardo,3197,,,2022,https://transfermarkt.pt/carlos-eduardo/rueckennummern/spieler/363794
,2462,,1465,2990,1465,,,,,,11449,,,,,,1134,João Carlos,,,,2022,https://transfermarkt.pt/joao-carlos/rueckennummern/spieler/550179
,2464,,1465,13222,506,,,,,,41101,,,,,,2464,Alejandro Marqués,,,,2022,https://transfermarkt.pt/alejandro-marques/rueckennummern/spieler/525602
,45500,7178,1465,6912,6912,,,30925,,,2503,,,,,,18545,Cassiano,10560,6600,,2022,https://transfermarkt.pt/cassiano/rueckennummern/spieler/238367
1134,614,614,2503,10010,614,,,614,,,614,,,614,,614,614,César,614,614,,2022,https://transfermarkt.pt/cesar/rueckennummern/spieler/177776
8024,8024,4750,2503,2503,2503,982,,6418,,,2503,982,982,6418,,982,2503,Rafael Bracali,8024,720,982,2022,https://transfermarkt.pt/rafael-bracali/rueckennummern/spieler/44177
,,,2503,2503,2503,,,,,,2503,,,,,,,João Gonçalves,,,,2022,https://transfermarkt.pt/joao-goncalves/rueckennummern/spieler/685805
3829,3829,,2503,2503,861,,,3829,,,861,,,,,,861,Rodrigo Abascal,17428,,,2022,https://transfermarkt.pt/rodrigo-abascal/rueckennummern/spieler/367652
1035,68608,1075,2503,61,61,,,10789,,,61,,995,1075,,995,2457,Vincent Sasso,1035,995,,2022,https://transfermarkt.pt/vincent-sasso/rueckennummern/spieler/122115
,,,2503,221,221,,,,,,,,,,,,,Robson Reis,,,,2022,https://transfermarkt.pt/robson-reis/rueckennummern/spieler/816143
,10005,,2503,40,2503,,,,,,3336,,,,,,68826,Ricardo Mangas,41582,,,2022,https://transfermarkt.pt/ricardo-mangas/rueckennummern/spieler/314944
,,,2503,3349,,,,,,,68296,,,,,,,Bruno Onyemaechi,,,,2022,https://transfermarkt.pt/bruno-onyemaechi/rueckennummern/spieler/701325
68608,2995,68608,2503,2503,7179,,,68608,,,7179,,,68608,,,982,Filipe Ferreira,2995,5227,,2022,https://transfermarkt.pt/filipe-ferreira/rueckennummern/spieler/182936
,,,2503,,,,,,,,,,,,,,,Augusto Dabo,,,,2022,https://transfermarkt.pt/augusto-dabo/rueckennummern/spieler/1043471
,8816,,2503,2503,2503,,,,,,8816,,,,,,8816,Reggie Cannon,8816,,,2022,https://transfermarkt.pt/reggie-cannon/rueckennummern/spieler/478940
,,,2503,2503,8424,,,,,,,,,,,,,Pedro Malheiro,,,,2022,https://transfermarkt.pt/pedro-malheiro/rueckennummern/spieler/818252
,,,2503,979,979,,,,,,979,,,,,,979,Ibrahima,,,,2022,https://transfermarkt.pt/ibrahima/rueckennummern/spieler/595012
,10330,,2503,2503,294,,,,,,10330,,,,,,10330,Ilija Vukotic,11099,,,2022,https://transfermarkt.pt/ilija-vukotic/rueckennummern/spieler/344474
4287,10140,,2503,2503,6764,,,,,,6764,,,,,,10789,Gaius Makouta,605,,,2022,https://transfermarkt.pt/gaius-makouta/rueckennummern/spieler/450173
189,189,8172,2503,2503,2503,,,8172,,,,,,8172,,8172,3523,Seba Pérez,189,8172,,2022,https://transfermarkt.pt/seba-perez/rueckennummern/spieler/182108
,15136,,2503,2503,2503,,,,,,2503,,,,,,15136,Miguel Reisinho,,,,2022,https://transfermarkt.pt/miguel-reisinho/rueckennummern/spieler/478366
,,,2503,2503,,,,,,,,,,,,,,Joel Silva,,,,2022,https://transfermarkt.pt/joel-silva/rueckennummern/spieler/929573
,17832,,2503,17832,17832,,,,,,17832,,,,,,17832,Masa,,,,2022,https://transfermarkt.pt/masa/rueckennummern/spieler/550631
,,,2503,2503,84728,,,,,,,,,,,,,Berna,,,,2022,https://transfermarkt.pt/berna/rueckennummern/spieler/775399
2288,33616,,2503,2503,982,,,2288,,,982,,,,,,1465,Kenji Gorré,33616,,,2022,https://transfermarkt.pt/kenji-gorre/rueckennummern/spieler/374889
16795,1084,,2503,472,208,,,,,,1010,,,26468,,,1010,Adalberto Peñaranda,1084,,,2022,https://transfermarkt.pt/adalberto-penaranda/rueckennummern/spieler/308801
982,16795,1387,2503,7179,7179,,,10789,,,6628,,4297,2990,,4297,255,Salvador Agra,982,4750,,2022,https://transfermarkt.pt/salvador-agra/rueckennummern/spieler/155395
41582,,,2503,1465,1465,,,,,,3336,,,,,,3336,Bruno Lourenço,41582,,,2022,https://transfermarkt.pt/bruno-lourenco/rueckennummern/spieler/314942
,,,2503,2503,3348,,,,,,2503,,,,,,,Luís Santos,,,,2022,https://transfermarkt.pt/luis-santos/rueckennummern/spieler/685807
6371,2503,,2503,2503,2503,,,6371,,,2503,,,6371,,,2503,Yusupha Njie,6371,,,2022,https://transfermarkt.pt/yusupha-njie/rueckennummern/spieler/177964
20634,1443,,2503,38,234,,,,,,24366,,,,,,69404,Robert Bozenik,20634,,,2022,https://transfermarkt.pt/robert-bozenik/rueckennummern/spieler/454576
,,,2503,2503,,,,,,,,,,,,,,Martim Tavares,,,,2022,https://transfermarkt.pt/martim-tavares/rueckennummern/spieler/924885
6632,6632,6632,7378,7378,7378,,,9597,,,6632,,,6632,,24118,6632,Kosuke Nakamura,6632,,,2022,https://transfermarkt.pt/kosuke-nakamura/rueckennummern/spieler/165794
,,,7378,7209,28022,,,,,,28022,,,,,,28022,Matheus Nogueira,,,,2022,https://transfermarkt.pt/matheus-nogueira/rueckennummern/spieler/636741
,,,7378,1023,1023,,,,,,1023,,,,,,,Mateusão,,,,2022,https://transfermarkt.pt/mateusao/rueckennummern/spieler/813121
,,,7378,67731,67731,,,,,,5868,,,,,,3323,Filipe Relvas,,,,2022,https://transfermarkt.pt/filipe-relvas/rueckennummern/spieler/567497
,1023,,7378,7378,982,,,,,,,,,,,,2863,Pedrão,,,,2022,https://transfermarkt.pt/pedrao/rueckennummern/spieler/585264
16696,16696,2996,7378,6505,6505,,,16696,,,10948,,,,,,10948,Ji-su Park,16696,,,2022,https://transfermarkt.pt/ji-su-park/rueckennummern/spieler/260197
2155,434,,7378,3999,434,,,7012,,,434,,,679,,199,434,Lucas,434,,,2022,https://transfermarkt.pt/lucas/rueckennummern/spieler/190314
,,,7378,9811,9811,,,,,,,,,,,,,Carlos Garcés,,,,2022,https://transfermarkt.pt/carlos-garces/rueckennummern/spieler/927635
12816,6692,,7378,3345,3345,,,12816,,,1210,,,12816,,,723,Moustapha Seck,4102,,,2022,https://transfermarkt.pt/moustapha-seck/rueckennummern/spieler/268179
,45510,,7378,10949,67909,,,,,,67909,,,,,,,Gonçalo Costa,,,,2022,https://transfermarkt.pt/goncalo-costa/rueckennummern/spieler/383014
,7179,,7378,7378,7378,,,7813,,,7179,,,,,,7179,Fahd Moufi,1081,,,2022,https://transfermarkt.pt/fahd-moufi/rueckennummern/spieler/265589
,3265,,7378,2431,2431,,,,,,2990,,,,,,8617,Sérgio Conceição,,,,2022,https://transfermarkt.pt/sergio-conceicao/rueckennummern/spieler/349944
,,,7378,68188,2420,,,,,,15136,,,,,,15136,Zié Ouattara,,,,2022,https://transfermarkt.pt/zie-ouattara/rueckennummern/spieler/613437
4297,7378,,7378,7378,7378,,,4297,,,7378,,,,,,7378,Pedro Sá,7378,,,2022,https://transfermarkt.pt/pedro-sa/rueckennummern/spieler/299400
,8718,,7378,2035,609,,,,,,17561,,,,,,,Lucas Ventura,609,,,2022,https://transfermarkt.pt/lucas-ventura/rueckennummern/spieler/520994
,,,7378,7378,10330,,,,,,41582,,,,,,41582,Henrique Jocú,,,,2022,https://transfermarkt.pt/henrique-jocu/rueckennummern/spieler/479636
,,,7378,2995,2995,,,,,,2995,,,,,,2995,Mohamed Diaby,,,,2022,https://transfermarkt.pt/mohamed-diaby/rueckennummern/spieler/611430
964,1091,3725,7378,265,265,2462,,3725,,,1091,,3725,3725,,3725,1091,Maurício,964,16202,2462,2022,https://transfermarkt.pt/mauricio/rueckennummern/spieler/53286
,10331,,7378,7378,67731,,,,,,7378,,,,,,10331,Paulo Estrela,41588,,,2022,https://transfermarkt.pt/paulo-estrela/rueckennummern/spieler/357149
,,,7378,2521,68403,,,,,,68403,,,,,,68403,Klismahn,,,,2022,https://transfermarkt.pt/klismahn/rueckennummern/spieler/606719
,,,7378,67731,67731,,,,,,67731,,,,,,7378,Bruninho,,,,2022,https://transfermarkt.pt/bruninho/rueckennummern/spieler/555752
8087,3057,109,7378,7378,978,,,,,,978,,,6600,,,3057,Carlinhos,1465,,,2022,https://transfermarkt.pt/carlinhos/rueckennummern/spieler/226155
,,,7378,7378,7378,,,,,,67731,,,,,,,Luquinha,,,,2022,https://transfermarkt.pt/luquinha/rueckennummern/spieler/651205
,1693,,7378,7378,7378,,,,,,7378,,,,,,1693,Anderson Oliveira,,,,2022,https://transfermarkt.pt/anderson-oliveira/rueckennummern/spieler/594550
15136,15136,,7378,10140,2639,,,,,,7056,,,,,,2424,Rui Gomes,15136,,,2022,https://transfermarkt.pt/rui-gomes/rueckennummern/spieler/364403
,,,7378,14680,14680,,,,,,,,,,,,14680,Roberto Hinojosa,,,,2022,https://transfermarkt.pt/roberto-hinojosa/rueckennummern/spieler/773276
,10560,3197,7378,7378,8457,,,3330,,,3336,,,3197,,,776,Welinton Junior,6347,,,2022,https://transfermarkt.pt/welinton-junior/rueckennummern/spieler/262002
11854,11854,,7378,9961,2029,,,7136,,,1061,,,7136,,,2462,Yony González,11854,,,2022,https://transfermarkt.pt/yony-gonzalez/rueckennummern/spieler/262474
,,,67731,67731,88017,,,,,,88017,,,,,,88017,Yong-hak Kim,,,,2022,https://transfermarkt.pt/yong-hak-kim/rueckennummern/spieler/706960
,982,,7378,982,982,,,45604,,,982,,,,,,982,Bryan Róchez,13293,,,2022,https://transfermarkt.pt/bryan-rochez/rueckennummern/spieler/333199
,,,7378,74155,,,,,,,,,,,,,,Yago Cariello,,,,2022,https://transfermarkt.pt/yago-cariello/rueckennummern/spieler/939763
,,,7378,7378,4106,,,,,,408,,,,,,68780,Ricardo Matos,,,,2022,https://transfermarkt.pt/ricardo-matos/rueckennummern/spieler/535958
3349,2425,1164,1301,3302,3302,,,3349,,,1085,,1164,3393,,1164,1085,Giorgi Makaridze,979,1164,9802,2022,https://transfermarkt.pt/giorgi-makaridze/rueckennummern/spieler/55977
,5544,,1301,2420,2420,,,,,,5544,,,,,,5544,Matous Trmal,,,,2022,https://transfermarkt.pt/matous-trmal/rueckennummern/spieler/549039
,,,1301,18545,10492,,,,,,10492,,,,,,,Marcelo Carné,,614,,2022,https://transfermarkt.pt/marcelo-carne/rueckennummern/spieler/14881
,,,67837,1301,67837,,,,,,,,,,,,,Pedro Teixeira,,,,2022,https://transfermarkt.pt/pedro-teixeira/rueckennummern/spieler/698454
,3345,,1301,1301,6912,,,,,,6912,,,,,,3345,Matheus Costa,11085,,,2022,https://transfermarkt.pt/matheus-costa/rueckennummern/spieler/513346
,,,1301,1301,1301,,,,,,,,,,,,,Moisés Mosquera,,,,2022,https://transfermarkt.pt/moises-mosquera/rueckennummern/spieler/817133
663,309,,1301,22381,1301,,,663,,,1301,,,10719,,,1301,Renê Santos,2125,9598,,2022,https://transfermarkt.pt/rene-santos/rueckennummern/spieler/154990
,,,1301,2865,5299,,,,,,379,,,,,,2503,Gonçalo Cardoso,,,,2022,https://transfermarkt.pt/goncalo-cardoso/rueckennummern/spieler/587106
3187,1301,,1301,1301,1301,,,982,,,1301,,,982,,,1301,Zainadine,1301,,,2022,https://transfermarkt.pt/zainadine/rueckennummern/spieler/137192
,8024,,1301,1301,18545,,,,,,8152,,,,,,3336,Vítor Costa,8024,,,2022,https://transfermarkt.pt/vitor-costa/rueckennummern/spieler/384741
,1301,,1301,1301,1301,,,,,,1301,,,,,,1301,China,1301,,,2022,https://transfermarkt.pt/china/rueckennummern/spieler/435497
17776,8718,6600,1301,1301,1301,,,6600,,,978,,,6600,,,978,Cláudio Winck,6600,6600,,2022,https://transfermarkt.pt/claudio-winck/rueckennummern/spieler/181783
976,3325,979,1301,979,2424,,,979,,,2441,,,979,,3345,3325,Paulinho,1075,3345,,2022,https://transfermarkt.pt/paulinho/rueckennummern/spieler/85771
,,,1301,294,10330,,,,,,41582,,,,,,,Rafael Brito,,,,2022,https://transfermarkt.pt/rafael-brito/rueckennummern/spieler/504075
41582,41582,,1301,1301,10330,,,,,,10330,,,,,,10330,Diogo Mendes,10330,,,2022,https://transfermarkt.pt/diogo-mendes/rueckennummern/spieler/396443
,10560,,1301,776,776,,,,,,9030,,,,,,,Val Soares,6600,,,2022,https://transfermarkt.pt/val-soares/rueckennummern/spieler/520665
,3197,6600,1301,2424,2424,,,17776,,,2424,,,6600,,,3197,João Afonso,10560,,,2022,https://transfermarkt.pt/joao-afonso/rueckennummern/spieler/224878
,10787,,67837,1301,1301,,,,,,1301,,,,,,1301,André Teles,1301,,,2022,https://transfermarkt.pt/andre-teles/rueckennummern/spieler/443673
10789,1075,,1301,1301,29228,,,,,,1301,,,,,,1075,Xadas,1075,,,2022,https://transfermarkt.pt/xadas/rueckennummern/spieler/345345
,,,1301,130,506,,,,,,11368,,,,,,,Félix Correia,,,,2022,https://transfermarkt.pt/felix-correia/rueckennummern/spieler/479648
,385,,1301,1301,1465,,,,,,2784,,,,,,2784,André Vidigal,2990,,,2022,https://transfermarkt.pt/andre-vidigal/rueckennummern/spieler/426624
,,,1301,2420,10949,,,,,,67909,,,,,,,Geny Catamo,,,,2022,https://transfermarkt.pt/geny-catamo/rueckennummern/spieler/701979
,,,1301,15172,210,,,,,,4773,,,,,,199,Léo Pereira,,,,2022,https://transfermarkt.pt/leo-pereira/rueckennummern/spieler/726472
1301,1301,982,1301,1301,1301,,,10787,,,1301,,982,979,,982,1301,Edgar Costa,1301,982,,2022,https://transfermarkt.pt/edgar-costa/rueckennummern/spieler/126956
21331,1435,506,1301,1301,1301,,,1385,,,208,,,332,,,404,Stefano Beltrame,404,11008,,2022,https://transfermarkt.pt/stefano-beltrame/rueckennummern/spieler/167791
,,,1301,12321,12321,,,,,,11008,,,,,,49567,Pablo Moreno,,,,2022,https://transfermarkt.pt/pablo-moreno/rueckennummern/spieler/466811
14583,8827,,1301,504,982,,,3348,,,982,,,3348,,,982,Brayan Riascos,3329,,,2022,https://transfermarkt.pt/brayan-riascos/rueckennummern/spieler/313691
14555,,,1301,5623,11004,,,,,,6363,,,,,,11004,Chuchu,,,,2022,https://transfermarkt.pt/chuchu/rueckennummern/spieler/419936
,,,1301,1450,1450,,,,,,1450,,,,,,1450,Percy Liza,,,,2022,https://transfermarkt.pt/percy-liza/rueckennummern/spieler/665113
,585,,3268,3268,3268,,,,,,1085,,,,,,,Lucas Paes,,,,2022,https://transfermarkt.pt/lucas-paes/rueckennummern/spieler/407841
,,,3268,3268,3268,,,,,,2521,,,,,,,João Victor,,,,2022,https://transfermarkt.pt/joao-victor/rueckennummern/spieler/700168
26740,,,3268,3268,3268,931,991,1085,,,8104,2805,336,982,,4750,8104,Ricardo Batista,26740,,336,2022,https://transfermarkt.pt/ricardo-batista/rueckennummern/spieler/24846
10330,4000,10330,3268,37169,37169,,,10330,,,265,,,41582,,,4000,João Nunes,4000,,,2022,https://transfermarkt.pt/joao-nunes/rueckennummern/spieler/198021
2573,2977,2573,3268,3268,3268,,,157,,,2977,,,2573,,,2977,Nermin Zolotic,2977,2573,,2022,https://transfermarkt.pt/nermin-zolotic/rueckennummern/spieler/131740
,667,,3268,62692,2817,,,,,,2817,,,,,,2817,Tchamba,,,,2022,https://transfermarkt.pt/tchamba/rueckennummern/spieler/490760
,,,3268,3345,2521,,,,,,,,,,,,,Léo Bolgado,,,,2022,https://transfermarkt.pt/leo-bolgado/rueckennummern/spieler/712087
301,1091,8174,3268,1091,1091,1465,1465,301,,,1091,,3348,301,,3348,1091,Fernando Varela,1091,3349,3348,2022,https://transfermarkt.pt/fernando-varela/rueckennummern/spieler/59084
8715,1085,4750,3268,3268,3325,1087,,,,,24245,4750,940,21957,4750,1531,1085,Vasco Fernandes,1085,4750,3345,2022,https://transfermarkt.pt/vasco-fernandes/rueckennummern/spieler/24202
,,,3268,,,,,,,,,,,,,,,Isaac,,,,2022,https://transfermarkt.pt/isaac/rueckennummern/spieler/929867
,,,3268,3268,67731,,,,,,4750,,,,,,4750,Leonardo Lelo,,,,2022,https://transfermarkt.pt/leonardo-lelo/rueckennummern/spieler/669956
,3345,,3268,3268,3268,,,,,,3345,,,,,,3345,Derick Poloni,,,,2022,https://transfermarkt.pt/derick-poloni/rueckennummern/spieler/429564
,,,3268,3268,15136,,,,,,2420,,,,,,,Lucas Soares,,,,2022,https://transfermarkt.pt/lucas-soares/rueckennummern/spieler/684061
,531,,3268,531,531,,,,,,531,,,,,,531,Eduardo Fereira,531,,,2022,https://transfermarkt.pt/eduardo-fereira/rueckennummern/spieler/490495
1465,6028,5227,3268,3268,2457,,,1465,,,58049,,336,5227,,,3793,Afonso Taira,1465,993,,2022,https://transfermarkt.pt/afonso-taira/rueckennummern/spieler/118317
,1701,,3268,3268,7056,,,,,,7056,,,,,,7056,Cuca,,,,2022,https://transfermarkt.pt/cuca/rueckennummern/spieler/552533
,10331,,3268,1465,10331,,,,,,720,,,,,,41588,Romário Baró,,,,2022,https://transfermarkt.pt/romario-baro/rueckennummern/spieler/375383
,,,3268,3348,3348,,,,,,,,,,,,,Beni,,,,2022,https://transfermarkt.pt/beni/rueckennummern/spieler/666539
,979,,3268,3268,291,,,,,,10492,,,,,,979,Neto,979,,,2022,https://transfermarkt.pt/neto/rueckennummern/spieler/291968
9597,16696,828,3268,6502,6502,,,9597,,,6502,,,,,,16696,Kuni,9597,,,2022,https://transfermarkt.pt/kuni/rueckennummern/spieler/296782
,41582,,3268,2431,7119,,,,,,14909,,,,,,68780,Diogo Pinto,41582,,,2022,https://transfermarkt.pt/diogo-pinto/rueckennummern/spieler/462252
2861,2977,,3268,3268,3268,,,,,,2977,,,,,,2977,Saviour Godwin,2977,,,2022,https://transfermarkt.pt/saviour-godwin/rueckennummern/spieler/295327
,1066,,3268,1066,1066,,,,,,1066,,,,,,2241,Yuki Soma,,,,2022,https://transfermarkt.pt/yuki-soma/rueckennummern/spieler/594069
41582,10870,,3268,199,199,,,,,,199,,,,,,2784,Léo Natel,585,,,2022,https://transfermarkt.pt/leo-natel/rueckennummern/spieler/351750
,10789,,3268,3345,3345,,,,,,10789,,,,,,10789,Kiki,,,,2022,https://transfermarkt.pt/kiki/rueckennummern/spieler/529730
,,,3268,776,5677,,,,,,,,,,,,,Clayton,,,,2022,https://transfermarkt.pt/clayton/rueckennummern/spieler/733579
,221,,3268,6395,6395,,,,,,2462,,,,,,2029,Felippe Cardoso,,,,2022,https://transfermarkt.pt/felippe-cardoso/rueckennummern/spieler/596067
979,17276,,3268,979,979,,,3368,,,17276,,,1085,,,17276,Rafael Martins,2420,,,2022,https://transfermarkt.pt/rafael-martins/rueckennummern/spieler/99499
,26985,,2995,2995,26985,,,,,,26985,,,,,,26985,Igor Vekic,,,,2022,https://transfermarkt.pt/igor-vekic/rueckennummern/spieler/341535
,,,2995,2995,2995,,,,,,2995,,,,,,,Zé Oliveira,,,,2022,https://transfermarkt.pt/ze-oliveira/rueckennummern/spieler/672449
1075,1075,3336,2995,11282,11282,4297,,979,,,11282,4297,4297,979,,1301,1075,Marafona,1075,3336,4297,2022,https://transfermarkt.pt/marafona/rueckennummern/spieler/56005
,416,,2995,472,12130,,,,,,408,,,,,,12130,Erick Ferigra,8505,,,2022,https://transfermarkt.pt/erick-ferigra/rueckennummern/spieler/331501
,3319,,2995,2995,2995,,,,,,2995,,,,,,21829,Maracás,3319,,,2022,https://transfermarkt.pt/maracas/rueckennummern/spieler/373187
,,,2995,2995,1701,,,,,,,,,,,,,Nuno Lima,,,,2022,https://transfermarkt.pt/nuno-lima/rueckennummern/spieler/836336
,3349,,2995,2995,3349,,,2646,,,820,,,2646,,,3349,Flávio Ramos,3349,,,2022,https://transfermarkt.pt/flavio-ramos/rueckennummern/spieler/278985
,,,2995,2995,10330,,,,,,41582,,,,,,68780,Pedro Ganchas,,,,2022,https://transfermarkt.pt/pedro-ganchas/rueckennummern/spieler/487466
,,,2995,,,,,,,,,,,,,,,Vasco Sousa,,,,2022,https://transfermarkt.pt/vasco-sousa/rueckennummern/spieler/1044871
338,3709,1084,2995,2995,336,12,,338,,,3709,2995,3345,1084,,1210,3709,Antunes,338,169,1005,2022,https://transfermarkt.pt/antunes/rueckennummern/spieler/44699
,,,2995,2995,1701,,,,,,,,,,,,,Luís Bastos,,,,2022,https://transfermarkt.pt/luis-bastos/rueckennummern/spieler/836546
15136,15136,2434,2995,2995,982,,,2420,,,982,,,,,,1465,João Vigário,15136,,,2022,https://transfermarkt.pt/joao-vigario/rueckennummern/spieler/336735
10949,3345,,2995,2995,2995,,,10949,,,2995,,,,,,3345,Jorge Silva,3345,,,2022,https://transfermarkt.pt/jorge-silva/rueckennummern/spieler/329721
41588,41588,,2995,2995,10846,,,,,,1095,,,,,,10331,Rui Pires,41588,,,2022,https://transfermarkt.pt/rui-pires/rueckennummern/spieler/398324
,,,2995,294,294,,,,,,10330,,,,,,,Paulo Bernardo,,,,2022,https://transfermarkt.pt/paulo-bernardo/rueckennummern/spieler/504090
,,,2995,2995,2995,,,,,,2995,,,,,,,Matchoi Djaló,,,,2022,https://transfermarkt.pt/matchoi-djalo/rueckennummern/spieler/685887
,11994,,2995,8733,940,,,,,,18687,,,,,,36123,Jordan Holsgrove,11994,,,2022,https://transfermarkt.pt/jordan-holsgrove/rueckennummern/spieler/429309
,,,2995,162,9668,,,,,,9669,,,,,,,Tiago Ribeiro,,,,2022,https://transfermarkt.pt/tiago-ribeiro/rueckennummern/spieler/504084
1075,2944,2995,2995,2995,2995,,,10789,,,2995,,2421,1075,,2421,2995,Luíz Carlos,2944,2995,,2022,https://transfermarkt.pt/luiz-carlos/rueckennummern/spieler/129670
294,33304,294,2995,2995,861,189,,294,,,1082,,189,294,,294,432,Nico Gaitán,13,294,189,2022,https://transfermarkt.pt/nico-gaitan/rueckennummern/spieler/75442
,4575,,2995,9715,9715,,,,,,4575,,,,,,9715,Nigel Thomas,,,,2022,https://transfermarkt.pt/nigel-thomas/rueckennummern/spieler/412952
,,,2995,,,,,,,,,,,,,,,Mauro Couto,,,,2022,https://transfermarkt.pt/mauro-couto/rueckennummern/spieler/1056907
2433,7179,2433,2995,2995,28850,,,2433,,,1146,,,2433,,2433,7179,Juan Delgado,5648,2433,,2022,https://transfermarkt.pt/juan-delgado/rueckennummern/spieler/184992
,,,2995,2995,2995,,,,,,2995,,,,,,2995,Uilton,,,,2022,https://transfermarkt.pt/uilton/rueckennummern/spieler/594546
,,,2995,1075,68077,,,,,,,,,,,,,Hernâni,,,,2022,https://transfermarkt.pt/hernani/rueckennummern/spieler/731879
,,,2995,978,623,,,,,,21829,,,,,,21829,Fábio Gomes,21829,,,2022,https://transfermarkt.pt/fabio-gomes/rueckennummern/spieler/548298
,,,2995,2995,13231,,,,,,21550,,,,,,,Adrián Butzke,,,,2022,https://transfermarkt.pt/adrian-butzke/rueckennummern/spieler/596884
3336,3336,10949,2995,8344,3329,,,13225,,,6395,,,10949,,,2420,Alexandre Guedes,3336,,,2022,https://transfermarkt.pt/alexandre-guedes/rueckennummern/spieler/197613
102,4795,,6912,4795,4795,,,2517,,,4795,,,2517,,,4795,Fabijan Buntic,4795,,,2022,https://transfermarkt.pt/fabijan-buntic/rueckennummern/spieler/248349
,10690,,6912,2457,27323,,,,,,29501,,,,,,10690,Luiz Felipe,,,,2022,https://transfermarkt.pt/luiz-felipe/rueckennummern/spieler/573907
,,,91910,6912,6912,,,,,,,,,,,,,Manuel Baldé,,,,2022,https://transfermarkt.pt/manuel-balde/rueckennummern/spieler/821730
10789,10789,,6912,6912,648,,,45510,,,1075,,,10949,,,10789,Bruno Wilson,1075,,,2022,https://transfermarkt.pt/bruno-wilson/rueckennummern/spieler/71830
10949,336,,6912,6912,3302,,,45510,,,126,,,,,,979,Ivanildo Fernandes,10949,,,2022,https://transfermarkt.pt/ivanildo-fernandes/rueckennummern/spieler/340524
,1755,,6912,6912,2863,,,,,,2863,,,,,,,Anderson Jesus,,,,2022,https://transfermarkt.pt/anderson-jesus/rueckennummern/spieler/539183
,6912,,6912,6912,6912,,,,,,6912,,,,,,6912,Mohamed Aidara,3891,,,2022,https://transfermarkt.pt/mohamed-aidara/rueckennummern/spieler/548658
2424,3349,2425,6912,6912,6912,,,5227,,,6912,,,5227,,,2457,Kiki,4750,,,2022,https://transfermarkt.pt/kiki/rueckennummern/spieler/270055
,,,6912,1755,609,,,,,,609,,,,,,,Matheus Pereira,,,,2022,https://transfermarkt.pt/matheus-pereira/rueckennummern/spieler/739438
2462,2462,2462,6912,6912,2462,,,4284,,,2462,,,4284,,,2462,Igor Julião,4284,2462,,2022,https://transfermarkt.pt/igor-juliao/rueckennummern/spieler/223977
2282,18487,190,6912,6912,2381,499,,2282,,,2381,,499,190,,190,1075,Claudemir,18487,190,499,2022,https://transfermarkt.pt/claudemir/rueckennummern/spieler/68275
10330,13225,10330,6912,6912,6912,,,3325,,,3325,,,41582,,,3329,Raphael Guzzo,13225,,,2022,https://transfermarkt.pt/raphael-guzzo/rueckennummern/spieler/197880
4294,2423,,6912,6912,2832,,,,,,2423,,,,,,2423,Osama Rashid,2423,404,,2022,https://transfermarkt.pt/osama-rashid/rueckennummern/spieler/95429
,45510,,6912,4297,336,,,,,,67909,,,,,,67909,Tomás Silva,,,,2022,https://transfermarkt.pt/tomas-silva/rueckennummern/spieler/461939
,,,91910,6912,,,,,,,33285,,,,,,,Alejandro Alvarado,,,,2022,https://transfermarkt.pt/alejandro-alvarado/rueckennummern/spieler/763798
,,,6912,8519,8519,,,,,,8519,,,,,,18687,Pedro Ortiz,,,,2022,https://transfermarkt.pt/pedro-ortiz/rueckennummern/spieler/610238
2503,3265,,6912,6912,6912,,,2503,,,6912,,,2503,,,2503,Samu,3326,,,2022,https://transfermarkt.pt/samu/rueckennummern/spieler/291939
,33285,,6912,6912,8817,,,,,,8817,,,,,,4042,Alex Méndez,33285,,,2022,https://transfermarkt.pt/alex-mendez/rueckennummern/spieler/526111
,,,91910,91910,,,,,,,,,,,,,,Monsuru Opeyemi,,,,2022,https://transfermarkt.pt/monsuru-opeyemi/rueckennummern/spieler/718316
,,,6912,6912,6912,,,,,,6912,,,,,,40582,Kiko Bondoso,,,,2022,https://transfermarkt.pt/kiko-bondoso/rueckennummern/spieler/590302
,667,,6912,6912,667,,,,,,667,,,,,,667,Kévin Zohi,,,,2022,https://transfermarkt.pt/kevin-zohi/rueckennummern/spieler/524929
,45510,,6912,6912,10949,,,,,,67909,,,,,,67909,Nuno Moreira,45510,,,2022,https://transfermarkt.pt/nuno-moreira/rueckennummern/spieler/461937
,,,6912,7179,221,,,,,,45193,,,,,,45193,Matías Lacava,,,,2022,https://transfermarkt.pt/matias-lacava/rueckennummern/spieler/642721
,3070,,6912,20760,3070,,,,,,3070,,,,,,3070,Milutin Osmajic,,,,2022,https://transfermarkt.pt/milutin-osmajic/rueckennummern/spieler/542819
50546,50546,,6912,413,2662,,,11263,,,4441,,,42826,,,37024,Alexander Schmidt,50546,,,2022,https://transfermarkt.pt/alexander-schmidt/rueckennummern/spieler/307939
,,,6912,6912,,,,,,,,,,,,,,Etim,,,,2022,https://transfermarkt.pt/etim/rueckennummern/spieler/929600
2403,17494,,8024,2403,2403,,,2403,,,2403,,,,,,2403,Ignacio de Arruabarrena,2403,,,2022,https://transfermarkt.pt/ignacio-de-arruabarrena/rueckennummern/spieler/367651
614,614,,8024,1465,1465,,,614,,,68403,,,,,,2863,Thiago Silva,614,,,2022,https://transfermarkt.pt/thiago-silva/rueckennummern/spieler/294817
,,,8024,1085,1085,,,,,,68797,,,,,,1085,João Valido,,,,2022,https://transfermarkt.pt/joao-valido/rueckennummern/spieler/532900
,11085,,8024,8024,8024,,,,,,8024,,,,,,68403,João Basso,1465,,,2022,https://transfermarkt.pt/joao-basso/rueckennummern/spieler/410183
9262,9262,,8024,67889,2262,,,,,,3688,,,,,,9262,Jerome Opoku,6942,,,2022,https://transfermarkt.pt/jerome-opoku/rueckennummern/spieler/408563
2362,1180,420,8024,8024,144,,,420,,,144,,,420,,,22177,Nino Galovic,1180,420,,2022,https://transfermarkt.pt/nino-galovic/rueckennummern/spieler/194005
8024,32589,265,8024,8024,8024,,,17194,,,13297,,11972,,,11972,7098,Sema Velázquez,8024,17194,18006,2022,https://transfermarkt.pt/sema-velazquez/rueckennummern/spieler/99296
,,,8024,45510,67909,,,,,,,,,,,,,Rafael Fernandes,,,,2022,https://transfermarkt.pt/rafael-fernandes/rueckennummern/spieler/744074
,,,8024,8793,8793,,,,,,8793,,,,,,,Weverson,,,,2022,https://transfermarkt.pt/weverson/rueckennummern/spieler/412367
,,,8024,8024,8024,,,,,,,,,,,,,Quaresma,1693,,,2022,https://transfermarkt.pt/quaresma/rueckennummern/spieler/530032
4275,2432,,8024,8024,2457,,,,,,2457,,,,,,,Tiago Esgaio,,,,2022,https://transfermarkt.pt/tiago-esgaio/rueckennummern/spieler/581121
,11245,,8024,2448,12331,,,,,,2448,,,,,,12331,Bogdan Milovanov,,,,2022,https://transfermarkt.pt/bogdan-milovanov/rueckennummern/spieler/392655
41584,131,,8024,16654,2464,,,,,,317,,,,,,131,Uri Busquets,2464,,,2022,https://transfermarkt.pt/uri-busquets/rueckennummern/spieler/282721
,,,8024,978,199,,,,,,,,,,,,,Vitinho,,,,2022,https://transfermarkt.pt/vitinho/rueckennummern/spieler/467940
8024,2503,1301,8024,8024,979,294,,8024,,,2976,,6987,8024,,2995,1096,David Simão,208,2990,,2022,https://transfermarkt.pt/david-simao/rueckennummern/spieler/70359
,8024,,8024,8024,8024,,,,,,8024,,,,,,8024,Yaw Moses,,,,2022,https://transfermarkt.pt/yaw-moses/rueckennummern/spieler/527304
2425,2425,10331,8024,8024,8024,2503,,2425,,,8024,,2424,10331,,7378,58049,Pedro Moreira,2425,2424,2503,2022,https://transfermarkt.pt/pedro-moreira/rueckennummern/spieler/64371
1070,1070,1775,8024,8024,4673,,,1070,,,4673,,,210,,1106,12301,Alan Ruiz,336,1106,,2022,https://transfermarkt.pt/alan-ruiz/rueckennummern/spieler/190442
,30255,,8024,45604,45604,,,,,,45604,,,,,,45604,Benji Michel,,,,2022,https://transfermarkt.pt/benji-michel/rueckennummern/spieler/627183
,498,,8024,8031,8031,,,,,,498,,,,,,498,Yusuf Lawal,,,,2022,https://transfermarkt.pt/yusuf-lawal/rueckennummern/spieler/534528
,,,8024,8024,199,,,,,,,,,,,,,Antony,,,,2022,https://transfermarkt.pt/antony/rueckennummern/spieler/798687
271,979,68608,8024,8024,8024,,,979,,,50531,,,979,,,979,Arsénio,208,,,2022,https://transfermarkt.pt/arsenio/rueckennummern/spieler/175600
,,,8024,8474,8474,,,,,,8474,,,,,,,Morlaye Sylla,,,,2022,https://transfermarkt.pt/morlaye-sylla/rueckennummern/spieler/402112
,24719,,8024,8024,,,,,,,7733,,,,,,24719,Oday Dabbagh,,,,2022,https://transfermarkt.pt/oday-dabbagh/rueckennummern/spieler/561217
41584,16196,,8024,472,472,,,,,,11972,,,,,,2464,Rafa Mújica,,,,2022,https://transfermarkt.pt/rafa-mujica/rueckennummern/spieler/361504
,,,8024,8024,221,,,,,,221,,,,,,,Bruno Marques,,,,2022,https://transfermarkt.pt/bruno-marques/rueckennummern/spieler/813109
3330,979,,2425,2425,2420,,,3330,,,2420,,,,,,979,Jhonatan,,,,2022,https://transfermarkt.pt/jhonatan/rueckennummern/spieler/212216
,,,68110,2425,2425,,,,,,,,,,,,,Magrão,,,,2022,https://transfermarkt.pt/magrao/rueckennummern/spieler/818068
,2029,,2425,1465,3329,,,,,,3329,,,,,,5677,Patrick William,,,,2022,https://transfermarkt.pt/patrick-william/rueckennummern/spieler/560903
2420,58,15136,2425,119,31614,,,2420,,,5358,,,2420,,,10484,Josué Sá,2420,,,2022,https://transfermarkt.pt/josue-sa/rueckennummern/spieler/139341
2566,12817,,2425,2425,11033,,,,,,11033,,,,,,11083,Renato Pantalon,2566,,,2022,https://transfermarkt.pt/renato-pantalon/rueckennummern/spieler/410281
,41582,,2425,10330,504,,,,,,10330,,,,,,68780,Miguel Nóbrega,,,,2022,https://transfermarkt.pt/miguel-nobrega/rueckennummern/spieler/409884
1049,2125,1075,2425,2425,2425,,,1075,,,2425,,,1075,,3348,18487,Aderllan Santos,585,3348,,2022,https://transfermarkt.pt/aderllan-santos/rueckennummern/spieler/159142
,1693,,2425,3197,2425,,,,,,2863,,,,,,2863,Sávio,,,,2022,https://transfermarkt.pt/savio/rueckennummern/spieler/607093
,,,2425,2425,2425,,,,,,2425,,,,,,68110,Costinha,,,,2022,https://transfermarkt.pt/costinha/rueckennummern/spieler/539252
294,294,169,2425,385,294,1837,,294,,,294,1837,169,683,,169,294,Andreas Samaris,294,169,1837,2022,https://transfermarkt.pt/andreas-samaris/rueckennummern/spieler/140032
1081,3345,1154,2425,2425,4294,,,11300,,,3345,,,995,,,3345,Amine,,,,2022,https://transfermarkt.pt/amine/rueckennummern/spieler/306668
979,3336,11107,2425,2425,829,1390,2425,20698,,,829,2425,2425,11107,,2425,3336,Vítor Gomes,68608,2425,2425,2022,https://transfermarkt.pt/vitor-gomes/rueckennummern/spieler/38780
720,3349,10331,2425,2425,7056,,,10331,,,3345,,,10331,,,8827,João Graça,10331,,,2022,https://transfermarkt.pt/joao-graca/rueckennummern/spieler/257707
41582,10330,,2425,2425,2425,,,41582,,,3329,,,,,,6418,Guga,10330,,,2022,https://transfermarkt.pt/guga/rueckennummern/spieler/258034
,41596,,2425,4032,940,,,,,,41596,,,,,,41596,Miguel Baeza,,,,2022,https://transfermarkt.pt/miguel-baeza/rueckennummern/spieler/523977
,,,2425,68110,1085,,,,,,,,,,,,,Bruno Ventura,,,,2022,https://transfermarkt.pt/bruno-ventura/rueckennummern/spieler/788995
,,,2425,68110,,,,,,,,,,,,,,Fábio Ronaldo,,,,2022,https://transfermarkt.pt/fabio-ronaldo/rueckennummern/spieler/742506
979,3368,,2425,,33304,,,2425,,,33304,,,,,,33304,Emmanuel Boateng,979,,,2022,https://transfermarkt.pt/emmanuel-boateng/rueckennummern/spieler/332612
,978,,2425,7078,7078,,,,,,12361,,,,,,1532,Paulo Vitor,978,,,2022,https://transfermarkt.pt/paulo-vitor/rueckennummern/spieler/524572
1075,7179,,2425,2425,3345,,,10789,,,3345,,,,,,68110,Joca,10789,,,2022,https://transfermarkt.pt/joca/rueckennummern/spieler/340491
683,10331,2420,2425,472,17209,,,720,,,3368,,,2420,,,720,Hernâni,2420,5227,,2022,https://transfermarkt.pt/hernani/rueckennummern/spieler/172142
2425,208,2425,2425,2425,2423,4297,,2425,,,2423,,4750,2425,,1075,2423,Ukra,27221,1075,4750,2022,https://transfermarkt.pt/ukra/rueckennummern/spieler/55994
10331,2503,,2425,1465,24420,,,10331,,,4297,,,,,,10690,Leonardo Ruiz,10949,,,2022,https://transfermarkt.pt/leonardo-ruiz/rueckennummern/spieler/344399
,1085,,2425,2425,2425,,,3265,,,142,,,,,,10331,André Pereira,10331,,,2022,https://transfermarkt.pt/andre-pereira/rueckennummern/spieler/358177
4297,4297,,3325,3325,3325,,,,,,2425,,,,,,2425,Paulo Vítor,4297,,,2022,https://transfermarkt.pt/paulo-vitor/rueckennummern/spieler/419120
,7119,,3325,3348,14447,,,,,,4750,,,,,,7119,Rodrigo Moura,,,,2022,https://transfermarkt.pt/rodrigo-moura/rueckennummern/spieler/543103
,45510,,3325,10949,10949,,,,,,74155,,,,,,,Gonçalo Pinto,,,,2022,https://transfermarkt.pt/goncalo-pinto/rueckennummern/spieler/537476
2425,2425,,3325,3302,2425,,,2425,,,2425,,,2425,,,2425,Nélson Monte,2425,,,2022,https://transfermarkt.pt/nelson-monte/rueckennummern/spieler/332615
2995,3336,,3325,126,6890,,,4294,,,6890,,,,,,3336,Ponck,3325,,,2022,https://transfermarkt.pt/ponck/rueckennummern/spieler/341516
,,,3325,,,,,,,,,,,,,,,Edu,,,,2022,https://transfermarkt.pt/edutm/rueckennummern/spieler/841731
,3,,3325,3325,438,,,,,,9005,,,,,,67909,João Queirós,10789,,,2022,https://transfermarkt.pt/joao-queiros/rueckennummern/spieler/415642
,4000,1465,3325,979,979,4750,,25467,,,979,,10140,10330,,1465,4000,Steven Vitória,4000,1465,4750,2022,https://transfermarkt.pt/steven-vitoria/rueckennummern/spieler/54716
,,,3325,,8720,,,,,,,,,,,,,Guilherme,,,,2022,https://transfermarkt.pt/guilherme/rueckennummern/spieler/842444
,,,3325,3325,1414,,,,,,1085,,,,,,,Bruno Langa,,,,2022,https://transfermarkt.pt/bruno-langa/rueckennummern/spieler/631472
2125,9597,2125,3325,786,786,,,2125,,,15882,,,2125,,,18545,Euller,9597,,,2022,https://transfermarkt.pt/euller/rueckennummern/spieler/258624
,,,3325,294,10330,,,,,,68780,,,,,,10330,Sandro Cruz,,,,2022,https://transfermarkt.pt/sandro-cruz/rueckennummern/spieler/481627
15136,15136,,3325,3325,3325,,,,,,3325,,,,,,15136,João Correia,15136,,,2022,https://transfermarkt.pt/joao-correia/rueckennummern/spieler/383654
,,,3325,2639,8616,,,,,,68188,,,,,,,Habib Sylla,,,,2022,https://transfermarkt.pt/habib-sylla/rueckennummern/spieler/567587
601,1175,,3325,18015,1160,,,,,,18015,,,,,,1158,Sidy Sarr,601,,,2022,https://transfermarkt.pt/sidy-sarr/rueckennummern/spieler/364233
8827,2990,,3325,3325,2990,,,8827,,,256,,,8827,,,2990,Guima,10949,,,2022,https://transfermarkt.pt/guima/rueckennummern/spieler/305425
2990,2672,7769,3325,3325,,,,2990,,,2503,,,993,,130,2503,Nwankwo Obiora,2672,4326,,2022,https://transfermarkt.pt/nwankwo-obiora/rueckennummern/spieler/127769
2420,33285,15136,3325,7179,7179,,,2420,,,7179,,,2420,,,7179,João Pedro,1061,,,2022,https://transfermarkt.pt/joao-pedro/rueckennummern/spieler/235568
2420,1085,10330,3325,3325,3325,,,294,,,3325,,,10330,,,3325,João Teixeira,703,,,2022,https://transfermarkt.pt/joao-teixeira/rueckennummern/spieler/182710
,8827,,3325,3325,1465,,,,,,2990,,,,,,7179,João Mendes,8827,,,2022,https://transfermarkt.pt/joao-mendes/rueckennummern/spieler/504503
7009,1075,,3325,62683,2995,,,7009,,,979,,,,,,3325,Luther Singh,10789,,,2022,https://transfermarkt.pt/luther-singh/rueckennummern/spieler/387378
,4772,,3325,144,317,,,,,,17596,,,,,,39,Issah Abass,4772,,,2022,https://transfermarkt.pt/issah-abass/rueckennummern/spieler/482145
679,4064,,3325,3325,3325,,,,,,1465,,,,,,5677,Juninho,10560,,,2022,https://transfermarkt.pt/juninho/rueckennummern/spieler/424676
,,,3325,11972,27448,,,,,,,,,,,,,Jonny Arriba,,,,2022,https://transfermarkt.pt/jonny-arriba/rueckennummern/spieler/585536
,45510,,3325,3325,10949,,,,,,67909,,,,,,67909,Benny,,,,2022,https://transfermarkt.pt/benny/rueckennummern/spieler/375380
1531,1532,,3325,13702,4542,,,3679,,,4542,,,13,,,13702,Héctor Hernández,1532,,,2022,https://transfermarkt.pt/hector-hernandez/rueckennummern/spieler/273738
,21975,,3325,3325,,,,,,,,,,,,,21975,Jô,,,,2022,https://transfermarkt.pt/jotm/rueckennummern/spieler/401931
